优化项目,实施时机,实施成本(元),月度节省(元),年度节省(元),投资回收期,优先级
图片迁移到OSS,立即实施,0(人工成本),80-120,960-1440,立即见效,高
启用CDN加速,日活>60人,0(配置),100-150,1200-1800,立即见效,高
Redis缓存优化,日活>80人,500(开发),150-200,1800-2400,3-4个月,高
数据库索引优化,日活>100人,800(DBA),100-150,1200-1800,6-8个月,中
版本历史清理策略,日活>80人,300(开发),50-80,600-960,4-6个月,中
启用Gzip压缩,立即实施,0(配置),30-50,360-600,立即见效,中
图片WebP格式,日活>100人,1000(开发),60-100,720-1200,10-12个月,中
数据库读写分离,日活>120人,2000(架构),200-300,2400-3600,7-10个月,低
API响应缓存,日活>80人,600(开发),80-120,960-1440,5-8个月,中
日志清理自动化,日活>60人,200(脚本),20-40,240-480,5-10个月,低
对象存储生命周期,日活>100人,0(配置),30-50,360-600,立即见效,中
增量更新机制,日活>80人,1500(开发),150-250,1800-3000,6-10个月,高