项目,基础版,标准版,高级版
【核心指标】,,,
适用日活,50-80人,80-120人,120-150人
月度成本,¥362,¥1541,¥3272
年度成本,¥4344,¥18492,¥39264
单用户年成本,¥21.7,¥55.8,¥78.2
,,,,
【推荐配置】,,,
服务器,2核4GB,4核8GB,4核8GB + 备用
数据库,共用,独立4核8GB,独立8核16GB
Redis,共用,2GB主从,4GB集群
存储,40GB,100GB,200GB
CDN流量,500GB/月,1.5TB/月,3TB/月
,,,,
【关键时间点】,,,
启动时机,项目上线,日活>80人,日活>120人
升级时机,日活达到80人,日活达到120人,日活达到200人
预计使用周期,前3个月,3-9个月,9个月后
,,,,
【立即行动清单】,,,
第1步,选择腾讯云(性价比最高),数据库分离部署,启用负载均衡
第2步,启用CDN加速,Redis独立部署,读写分离
第3步,图片迁移到OSS,数据库索引优化,MeiliSearch独立
第4步,配置自动备份,启用监控告警,高可用架构
第5步,域名备案+SSL证书,版本历史清理策略,自动化运维
,,,,
【成本优化重点】,,,
优先级1,启用CDN(节省¥100-150/月),图片迁移OSS(节省¥80-120/月),Redis缓存优化(节省¥150-200/月)
优先级2,Gzip压缩(节省¥30-50/月),数据库索引优化(节省¥100-150/月),增量更新(节省¥150-250/月)
优先级3,日志清理(节省¥20-40/月),版本历史清理(节省¥50-80/月),对象存储生命周期(节省¥30-50/月)
,,,,
【风险预警】,,,
高风险,数据库未备份,单点故障,存储空间不足
中风险,无监控告警,API无限流,证书即将过期
低风险,日志未清理,无性能监控,缺少文档
,,,,
【首年预算】,,,
保守估算,¥4344(基础版全年),¥18492(标准版全年),¥39264(高级版全年)
实际预算,¥8000-12000(含升级),¥15000-20000(含优化),¥35000-45000(含扩展)
推荐预算,¥10000(留20%缓冲),¥18000(留20%缓冲),¥40000(留20%缓冲)